angle,toughness
90.0,0.21000000000001
52.2387560929649,97.5332368527902
0.0,159.0
